<?xml version="1.0" encoding="UTF-8"?>
<project-private xmlns="http://www.netbeans.org/ns/project-private/1">
    <editor-bookmarks xmlns="http://www.netbeans.org/ns/editor-bookmarks/2" lastBookmarkId="0"/>
    <open-files xmlns="http://www.netbeans.org/ns/projectui-open-files/2">
        <group>
            <file>file:/D:/Ufs/Compiladores/tesauro/src/tesauro/LSS2.scc</file>
            <file>file:/D:/Ufs/Compiladores/tesauro/src/tesauro/ian.sable</file>
            <file>file:/D:/Ufs/Compiladores/tesauro/src/tesauro/Main.java</file>
            <file>file:/D:/Ufs/Compiladores/tesauro/src/tesauro/ASTPrinter.java</file>
            <file>file:/D:/Ufs/Compiladores/tesauro/src/tesauro/TreeDumper.java</file>
            <file>file:/D:/Ufs/Compiladores/tesauro/src/tesauro/ASTDisplay.java</file>
        </group>
    </open-files>
</project-private>
